{
  "6": {
    "max_error": 0.05875860154628754,
    "mean_error": 0.0522218606621027,
    "std_error": 0.007842949669630561,
    "passes": false
  },
  "12": {
    "max_error": 0.07107866555452347,
    "mean_error": 0.06064545065164566,
    "std_error": 0.009696253888027792,
    "passes": false
  },
  "18": {
    "max_error": 0.06264443695545197,
    "mean_error": 0.05595259010791778,
    "std_error": 0.008637107352201277,
    "passes": false
  },
  "24": {
    "max_error": 0.06742233037948608,
    "mean_error": 0.05854315269738436,
    "std_error": 0.008918814936594336,
    "passes": false
  }
}